,config,model,opt,weight_mode,ious,accs,miou,macc,highest_epoch,train_time
0,aug,pon,adam,sqrt_inverse,"[array(0.8105502, dtype=float32), array(0.91829807, dtype=float32), array(0.90702355, dtype=float32), array(0.5993464, dtype=float32), array(0.05801305, dtype=float32)]",[0.95860636 0.9542923  0.98335123 0.99636036 0.99498034],0.6586462259292603,0.97781307,85,1503.6403045299794
2,aug,pon,adam,sqrt_inverse,"[array(0.80362433, dtype=float32), array(0.9123524, dtype=float32), array(0.8865453, dtype=float32), array(0.5895425, dtype=float32), array(0.05167173, dtype=float32)]",[0.95488083 0.94736695 0.98035437 0.99619484 0.9943334 ],0.6487472653388977,0.97646797,85,1416.2847356658795
1,aug,ved,adam,sqrt_inverse,"[array(0.799815, dtype=float32), array(0.8777725, dtype=float32), array(0.85212433, dtype=float32), array(0.5586207, dtype=float32), array(0.08953614, dtype=float32)]",[0.9514705  0.92751485 0.9719841  0.99675924 0.9873554 ],0.6355737447738647,0.9688581,92,1452.754608239681
3,aug,ved,adam,sqrt_inverse,"[array(0.799432, dtype=float32), array(0.8819272, dtype=float32), array(0.83163536, dtype=float32), array(0.57507986, dtype=float32), array(0.07688143, dtype=float32)]",[0.9538553  0.9303761  0.97198576 0.9956497  0.9892681 ],0.6329911947250366,0.968227,85,1376.7714535289206
