,config,model,opt,weight_mode,ious,accs,miou,macc,highest_epoch,train_time
1,aug,pon,adam,sqrt_inverse,"[0.8105502128601074, 0.918298065662384, 0.907023549079895, 0.599346399307251, 0.05801305174827576]",[0.95860636 0.9542923  0.98335123 0.99636036 0.99498034],0.6586462259292603,0.97781307,85,1503.6403045299794
3,aug,pon,adam,sqrt_inverse,"[0.8036243319511414, 0.9123523831367493, 0.8865453004837036, 0.5895425081253052, 0.05167173221707344]",[0.95488083 0.94736695 0.98035437 0.99619484 0.9943334 ],0.6487472653388977,0.97646797,85,1416.2847356658795
0,aug,ved,adam,sqrt_inverse,"[0.7998149991035461, 0.8777725100517273, 0.8521243333816528, 0.5586206912994385, 0.0895361378788948]",[0.9514705  0.92751485 0.9719841  0.99675924 0.9873554 ],0.6355737447738647,0.9688581,92,1452.754608239681
2,aug,ved,adam,sqrt_inverse,"[0.7994319796562195, 0.8819271922111511, 0.8316353559494019, 0.5750798583030701, 0.07688143104314804]",[0.9538553  0.9303761  0.97198576 0.9956497  0.9892681 ],0.6329911947250366,0.968227,85,1376.7714535289206
